Workbook

Sheet Sheet4
A3: 求和项:应缴费额 | B3: 征收品目
A4: 姓名 | B4: 工伤保险 | C4: 失业保险(单位缴纳) | D4: 失业保险(个人缴纳) | E4: 职工大额医疗互助保险(个人缴纳) | F4: 职工基本养老保险(单位缴纳) | G4: 职工基本养老保险(个人缴纳) | H4: 职工基本医疗保险(单位缴纳) | I4: 职工基本医疗保险(个人缴纳) | J4: (空白) | K4: 总计
A5: 曾海燕 | B5: 38.77 | C5: 30.16 | D5: 12.92 | E5: 15 | F5: 689.28 | G5: 344.64 | H5: 374.8 | I5: 86.16 | K5: 1591.73 | L5: =VLOOKUP(A5,Sheet1!B:D,3,0) -> 43012419861006702X
A6: 曾艳祥 | B6: 38.77 | C6: 30.16 | D6: 12.92 | E6: 15 | F6: 689.28 | G6: 344.64 | H6: 374.8 | I6: 86.16 | K6: 1591.73 | L6: =VLOOKUP(A6,Sheet1!B:D,3,0) -> 432524200208266147
A7: 陈立军 | B7: 38.77 | C7: 30.16 | D7: 12.92 | E7: 15 | F7: 689.28 | G7: 344.64 | H7: 374.8 | I7: 86.16 | K7: 1591.73 | L7: =VLOOKUP(A7,Sheet1!B:D,3,0) -> 421083198807141637
A8: 陈强 | B8: 38.77 | C8: 30.16 | D8: 12.92 | E8: 15 | F8: 689.28 | G8: 344.64 | H8: 374.8 | I8: 86.16 | K8: 1591.73 | L8: =VLOOKUP(A8,Sheet1!B:D,3,0) -> 430105199608160511
A9: 陈清钰 | B9: 38.77 | C9: 30.16 | D9: 12.92 | E9: 15 | F9: 689.28 | G9: 344.64 | H9: 374.8 | I9: 86.16 | K9: 1591.73 | L9: =VLOOKUP(A9,Sheet1!B:D,3,0) -> 411521200208200048
A10: 陈媛 | B10: 36.65 | C10: 28.5 | D10: 12.22 | E10: 15 | F10: 651.52 | G10: 325.76 | H10: 354.26 | I10: 81.44 | K10: 1505.35 | L10: =VLOOKUP(A10,Sheet1!B:D,3,0) -> 430523200402248825
A11: 程栾婷 | B11: 38.77 | C11: 30.16 | D11: 12.92 | E11: 15 | F11: 689.28 | G11: 344.64 | H11: 374.8 | I11: 86.16 | K11: 1591.73 | L11: =VLOOKUP(A11,Sheet1!B:D,3,0) -> 332501200305200248
A12: 杜丽 | B12: 38.77 | C12: 30.16 | D12: 12.92 | E12: 15 | F12: 689.28 | G12: 344.64 | H12: 374.8 | I12: 86.16 | K12: 1591.73 | L12: =VLOOKUP(A12,Sheet1!B:D,3,0) -> 522228199710180248
A13: 段婷玉 | B13: 38.77 | C13: 30.16 | D13: 12.92 | E13: 15 | F13: 689.28 | G13: 344.64 | H13: 374.8 | I13: 86.16 | K13: 1591.73 | L13: =VLOOKUP(A13,Sheet1!B:D,3,0) -> 430224200102063642
A14: 范欣彦 | B14: 38.77 | C14: 30.16 | D14: 12.92 | E14: 15 | F14: 689.28 | G14: 344.64 | H14: 374.8 | I14: 86.16 | K14: 1591.73 | L14: =VLOOKUP(A14,Sheet1!B:D,3,0) -> 430121198902247947
A15: 范欣怡 | B15: 36.65 | C15: 28.5 | D15: 12.22 | E15: 15 | F15: 651.52 | G15: 325.76 | H15: 354.26 | I15: 81.44 | K15: 1505.35 | L15: =VLOOKUP(A15,Sheet1!B:D,3,0) -> 43092120021118002X
A16: 方昊然 | B16: 38.77 | C16: 30.16 | D16: 12.92 | E16: 15 | F16: 689.28 | G16: 344.64 | H16: 374.8 | I16: 86.16 | K16: 1591.73 | L16: =VLOOKUP(A16,Sheet1!B:D,3,0) -> 430102200408075511
... A31: 马文静 | B31: 38.77 | C31: 30.16 | D31: 12.92 | E31: 15 | F31: 689.28 | G31: 344.64 | H31: 374.8 | I31: 86.16 | K31: 1591.73 | L31: =VLOOKUP(A31,Sheet1!B:D,3,0) -> 410181199608100028
A32: 彭沛君 | B32: 36.65 | E32: 15 | H32: 354.26 | I32: 81.44 | K32: 487.35 | L32: =VLOOKUP(A32,Sheet1!B:D,3,0) -> 430723200109187825
A33: 彭霞 | B33: 36.65 | C33: 28.5 | D33: 12.22 | E33: 15 | F33: 651.52 | G33: 325.76 | H33: 354.26 | I33: 81.44 | K33: 1505.35 | L33: =VLOOKUP(A33,Sheet1!B:D,3,0) -> 430105200003046121
A34: 孙青雯 | B34: 38.77 | C34: 30.16 | D34: 12.92 | E34: 15 | F34: 689.28 | G34: 344.64 | H34: 374.8 | I34: 86.16 | K34: 1591.73 | L34: =VLOOKUP(A34,Sheet1!B:D,3,0) -> 430626199802103069
A35: 谭瑾皓 | B35: 38.77 | C35: 30.16 | D35: 12.92 | E35: 15 | F35: 689.28 | G35: 344.64 | H35: 374.8 | I35: 86.16 | K35: 1591.73 | L35: =VLOOKUP(A35,Sheet1!B:D,3,0) -> 430304199509120770
A36: 唐筱迪 | B36: 38.77 | C36: 30.16 | D36: 12.92 | E36: 15 | F36: 689.28 | G36: 344.64 | H36: 374.8 | I36: 86.16 | K36: 1591.73 | L36: =VLOOKUP(A36,Sheet1!B:D,3,0) -> 431103199912090341
A37: 汪维 | B37: 38.77 | C37: 30.16 | D37: 12.92 | E37: 15 | F37: 689.28 | G37: 344.64 | H37: 374.8 | I37: 86.16 | K37: 1591.73 | L37: =VLOOKUP(A37,Sheet1!B:D,3,0) -> 430122200208290028
A38: 王归雁 | B38: 38.77 | C38: 30.16 | D38: 12.92 | E38: 15 | F38: 689.28 | G38: 344.64 | H38: 374.8 | I38: 86.16 | K38: 1591.73 | L38: =VLOOKUP(A38,Sheet1!B:D,3,0) -> 43042119970716010X
A39: 王梦寒 | B39: 38.77 | C39: 30.16 | D39: 12.92 | E39: 15 | F39: 689.28 | G39: 344.64 | H39: 374.8 | I39: 86.16 | K39: 1591.73 | L39: =VLOOKUP(A39,Sheet1!B:D,3,0) -> 431002199807020526
A40: 王晓玉 | B40: 38.77 | C40: 30.16 | D40: 12.92 | E40: 15 | F40: 689.28 | G40: 344.64 | H40: 374.8 | I40: 86.16 | K40: 1591.73 | L40: =VLOOKUP(A40,Sheet1!B:D,3,0) -> 410185199905243020
A41: 王艳琼 | B41: 38.77 | C41: 30.16 | D41: 12.92 | E41: 15 | F41: 689.28 | G41: 344.64 | H41: 374.8 | I41: 86.16 | K41: 1591.73 | L41: =VLOOKUP(A41,Sheet1!B:D,3,0) -> 430726199002204828
A42: 吴彩琼 | B42: 36.65 | C42: 28.5 | D42: 12.22 | E42: 15 | F42: 651.52 | G42: 325.76 | H42: 354.26 | I42: 81.44 | K42: 1505.35 | L42: =VLOOKUP(A42,Sheet1!B:D,3,0) -> 431322200311150201
A43: 熊瑛 | B43: 38.77 | C43: 30.16 | D43: 12.92 | E43: 15 | F43: 689.28 | G43: 344.64 | H43: 374.8 | I43: 86.16 | K43: 1591.73 | L43: =VLOOKUP(A43,Sheet1!B:D,3,0) -> 430302198810101280
A44: 阳琴 | B44: 38.77 | C44: 30.16 | D44: 12.92 | E44: 15 | F44: 689.28 | G44: 344.64 | H44: 374.8 | I44: 86.16 | K44: 1591.73 | L44: =VLOOKUP(A44,Sheet1!B:D,3,0) -> 430422199706234601
... A52: 邹海燕 | B52: 38.77 | C52: 30.16 | D52: 12.92 | E52: 15 | F52: 689.28 | G52: 344.64 | H52: 374.8 | I52: 86.16 | K52: 1591.73 | L52: =VLOOKUP(A52,Sheet1!B:D,3,0) -> 360121200210216420
A53: (空白) | L53: =VLOOKUP(A53,Sheet1!B:D,3,0) -> #N/A
A54: 总计 | B54: 1844 | C54: 1405.9 | D54: 602.34 | E54: 720 | F54: 32131.84 | G54: 16065.92 | H54: 17826.08 | I54: 4097.92 | K54: 74694 | L54: =VLOOKUP(A54,Sheet1!B:D,3,0) -> #N/A

Sheet Sheet1
A1: 序号 | B1: 姓名 | C1: 证件类型 | D1: 证件号码 | E1: 分组 | F1: 缴费工资 | G1: 缴费基数 | H1: 费率 | I1: 应缴费额 | J1: 人员编号 | K1: 征收项目 | L1: 征收品目 | M1: 征收子目 | N1: 申报日期 | O1: 费款所属期起 | P1: 费款所属期止 | Q1: 数据来源 | R1: 缴费类型 | S1: 主管税务机关 | T1: 社保经办机构 | U1: 单位编号 | V1: 社保流水号
A2: 1 | B2: 余宸瑶 | C2: 居民身份证 | D2: 430406199711152547 | F2: 4,308.00 | G2: 4,308.00 | H2: 16% | I2: 689.28 | J2: 43120000000103314160 | K2: 企业职工基本养老保险费 | L2: 职工基本养老保险(单位缴纳) | N2: 2026-02-09 | O2: 2026-02 | P2: 2026-02 | Q2: 税务生成 | R2: 正常应缴 | S2: 国家税务总局长沙市开福区税务局 | T2: 长沙市市本级城镇职工基本养老保险经办机构 | U2: 43200000000000752548 | V2: 682ec9a258fe4fb7bdfe28f53cfdf1df
A3: 2 | B3: 余宸瑶 | C3: 居民身份证 | D3: 430406199711152547 | F3: 4,308.00 | G3: 4,308.00 | H3: 8% | I3: 344.64 | J3: 43120000000103314160 | K3: 企业职工基本养老保险费 | L3: 职工基本养老保险(个人缴纳) | N3: 2026-02-09 | O3: 2026-02 | P3: 2026-02 | Q3: 税务生成 | R3: 正常应缴 | S3: 国家税务总局长沙市开福区税务局 | T3: 长沙市市本级城镇职工基本养老保险经办机构 | U3: 43200000000000752548 | V3: 682ec9a258fe4fb7bdfe28f53cfdf1df
A4: 3 | B4: 余宸瑶 | C4: 居民身份证 | D4: 430406199711152547 | F4: 4,308.00 | G4: 4,308.00 | H4: 0.7% | I4: 30.16 | J4: 43120000000103314160 | K4: 失业保险费 | L4: 失业保险(单位缴纳) | N4: 2026-02-09 | O4: 2026-02 | P4: 2026-02 | Q4: 税务生成 | R4: 正常应缴 | S4: 国家税务总局长沙市开福区税务局 | T4: 长沙市市本级失业保险经办机构 | U4: 43200000000000752548 | V4: 531d9d5cce74416588a957ff3fa61485
A5: 4 | B5: 余宸瑶 | C5: 居民身份证 | D5: 430406199711152547 | F5: 4,308.00 | G5: 4,308.00 | H5: 0.3% | I5: 12.92 | J5: 43120000000103314160 | K5: 失业保险费 | L5: 失业保险(个人缴纳) | N5: 2026-02-09 | O5: 2026-02 | P5: 2026-02 | Q5: 税务生成 | R5: 正常应缴 | S5: 国家税务总局长沙市开福区税务局 | T5: 长沙市市本级失业保险经办机构 | U5: 43200000000000752548 | V5: 531d9d5cce74416588a957ff3fa61485
A6: 5 | B6: 余宸瑶 | C6: 居民身份证 | D6: 430406199711152547 | F6: 4,308.00 | G6: 4,308.00 | H6: 8.7% | I6: 374.8 | J6: 43000020100040424708 | K6: 基本医疗保险费 | L6: 职工基本医疗保险(单位缴纳) | N6: 2026-02-09 | O6: 2026-02 | P6: 2026-02 | Q6: 税务生成 | R6: 正常应缴 | S6: 国家税务总局长沙市开福区税务局 | T6: 长沙市市本级城镇职工医疗生育保险经办机构 | U6: 43000000000000145927 | V6: 1814d47afb4f4644978df5eba13b8cd7
A7: 6 | B7: 余宸瑶 | C7: 居民身份证 | D7: 430406199711152547 | F7: 4,308.00 | G7: 4,308.00 | H7: 2% | I7: 86.16 | J7: 43000020100040424708 | K7: 基本医疗保险费 | L7: 职工基本医疗保险(个人缴纳) | N7: 2026-02-09 | O7: 2026-02 | P7: 2026-02 | Q7: 税务生成 | R7: 正常应缴 | S7: 国家税务总局长沙市开福区税务局 | T7: 长沙市市本级城镇职工医疗生育保险经办机构 | U7: 43000000000000145927 | V7: 1814d47afb4f4644978df5eba13b8cd7
A8: 7 | B8: 余宸瑶 | C8: 居民身份证 | D8: 430406199711152547 | F8: 0.00 | G8: 15.00 | H8: 100% | I8: 15 | J8: 43000020100040424708 | K8: 基本医疗保险费 | L8: 职工大额医疗互助保险(个人缴纳) | N8: 2026-02-09 | O8: 2026-02 | P8: 2026-02 | Q8: 税务生成 | R8: 正常应缴 | S8: 国家税务总局长沙市开福区税务局 | T8: 长沙市市本级城镇职工医疗生育保险经办机构 | U8: 43000000000000145927 | V8: 1814d47afb4f4644978df5eba13b8cd7
A9: 8 | B9: 余宸瑶 | C9: 居民身份证 | D9: 430406199711152547 | F9: 4,308.00 | G9: 4,308.00 | H9: 0.9% | I9: 38.77 | J9: 43120000000103314160 | K9: 工伤保险费 | L9: 工伤保险 | N9: 2026-02-09 | O9: 2026-02 | P9: 2026-02 | Q9: 税务生成 | R9: 正常应缴 | S9: 国家税务总局长沙市开福区税务局 | T9: 长沙市市本级工伤保险经办机构 | U9: 43200000000000752548 | V9: 1814d47afb4f4644978df5eba13b8cd7
A10: 9 | B10: 刘丽 | C10: 居民身份证 | D10: 430124199906094726 | F10: 4,072.00 | G10: 4,072.00 | H10: 16% | I10: 651.52 | J10: 43120000000018785626 | K10: 企业职工基本养老保险费 | L10: 职工基本养老保险(单位缴纳) | N10: 2026-02-09 | O10: 2026-02 | P10: 2026-02 | Q10: 税务生成 | R10: 正常应缴 | S10: 国家税务总局长沙市开福区税务局 | T10: 长沙市市本级城镇职工基本养老保险经办机构 | U10: 43200000000000752548 | V10: 682ec9a258fe4fb7bdfe28f53cfdf1df
A11: 10 | B11: 刘丽 | C11: 居民身份证 | D11: 430124199906094726 | F11: 4,072.00 | G11: 4,072.00 | H11: 8% | I11: 325.76 | J11: 43120000000018785626 | K11: 企业职工基本养老保险费 | L11: 职工基本养老保险(个人缴纳) | N11: 2026-02-09 | O11: 2026-02 | P11: 2026-02 | Q11: 税务生成 | R11: 正常应缴 | S11: 国家税务总局长沙市开福区税务局 | T11: 长沙市市本级城镇职工基本养老保险经办机构 | U11: 43200000000000752548 | V11: 682ec9a258fe4fb7bdfe28f53cfdf1df
A12: 11 | B12: 刘丽 | C12: 居民身份证 | D12: 430124199906094726 | F12: 4,072.00 | G12: 4,072.00 | H12: 0.7% | I12: 28.5 | J12: 43120000000018785626 | K12: 失业保险费 | L12: 失业保险(单位缴纳) | N12: 2026-02-09 | O12: 2026-02 | P12: 2026-02 | Q12: 税务生成 | R12: 正常应缴 | S12: 国家税务总局长沙市开福区税务局 | T12: 长沙市市本级失业保险经办机构 | U12: 43200000000000752548 | V12: 531d9d5cce74416588a957ff3fa61485
A13: 12 | B13: 刘丽 | C13: 居民身份证 | D13: 430124199906094726 | F13: 4,072.00 | G13: 4,072.00 | H13: 0.3% | I13: 12.22 | J13: 43120000000018785626 | K13: 失业保险费 | L13: 失业保险(个人缴纳) | N13: 2026-02-09 | O13: 2026-02 | P13: 2026-02 | Q13: 税务生成 | R13: 正常应缴 | S13: 国家税务总局长沙市开福区税务局 | T13: 长沙市市本级失业保险经办机构 | U13: 43200000000000752548 | V13: 531d9d5cce74416588a957ff3fa61485
... A381: 380 | B381: 龙思蓉 | C381: 居民身份证 | D381: 43021119970526004X | F381: 4,308.00 | G381: 4,308.00 | H381: 0.9% | I381: 38.77 | J381: 43200000000002072802 | K381: 工伤保险费 | L381: 工伤保险 | N381: 2026-02-09 | O381: 2026-02 | P381: 2026-02 | Q381: 税务生成 | R381: 正常应缴 | S381: 国家税务总局长沙市开福区税务局 | T381: 长沙市市本级工伤保险经办机构 | U381: 43200000000000752548 | V381: 1814d47afb4f4644978df5eba13b8cd7

Sheet Sheet2
A1: 主体 | B1: 区域 | C1: 员工姓名（辅助） | D1: 身份证 | E1: 个人大病医疗 | H1: 1月
A2: 零一数科 | B2: 长沙 | C2: 曾海燕 | D2: 43012419861006702X | E2: 15 | H2: =VLOOKUP(C2,Sheet5!A:E,5,0) -> 15 | L2: 曾海燕 | N2: 曾海燕 | O2: =VLOOKUP(L:L,N:N,1,0) -> 曾海燕
A3: 零一数科 | B3: 长沙 | C3: 曾艳祥 | D3: 432524200208266147 | E3: 15 | H3: =VLOOKUP(C3,Sheet5!A:E,5,0) -> 15 | L3: 曾艳祥 | N3: 曾艳祥 | O3: =VLOOKUP(L:L,N:N,1,0) -> 曾艳祥
A4: 零一数科 | B4: 长沙 | C4: 陈立军 | D4: 421083198807141637 | E4: 15 | H4: =VLOOKUP(C4,Sheet5!A:E,5,0) -> 15 | L4: 陈立军 | N4: 陈立军 | O4: =VLOOKUP(L:L,N:N,1,0) -> 陈立军
A5: 零一数科 | B5: 长沙 | C5: 陈强 | D5: 430105199608160511 | E5: 15 | H5: =VLOOKUP(C5,Sheet5!A:E,5,0) -> 15 | L5: 陈强 | N5: 陈强 | O5: =VLOOKUP(L:L,N:N,1,0) -> 陈强
A6: 零一数科 | B6: 长沙 | C6: 陈清钰 | D6: 411521200208200048 | E6: 15 | H6: =VLOOKUP(C6,Sheet5!A:E,5,0) -> 15 | L6: 陈清钰 | N6: 陈清钰 | O6: =VLOOKUP(L:L,N:N,1,0) -> 陈清钰
A7: 零一数科 | B7: 长沙 | C7: 陈媛 | D7: 430523200402248825 | E7: 15 | H7: =VLOOKUP(C7,Sheet5!A:E,5,0) -> 15 | L7: 陈媛 | N7: 陈媛 | O7: =VLOOKUP(L:L,N:N,1,0) -> 陈媛
A8: 零一数科 | B8: 长沙 | C8: 程栾婷 | D8: 332501200305200248 | E8: 15 | H8: =VLOOKUP(C8,Sheet5!A:E,5,0) -> 15 | L8: 程栾婷 | N8: 程栾婷 | O8: =VLOOKUP(L:L,N:N,1,0) -> 程栾婷
A9: 零一数科 | B9: 长沙 | C9: 杜丽 | D9: 522228199710180248 | E9: 15 | H9: =VLOOKUP(C9,Sheet5!A:E,5,0) -> 15 | L9: 杜丽 | N9: 杜丽 | O9: =VLOOKUP(L:L,N:N,1,0) -> 杜丽
A10: 零一数科 | B10: 长沙 | C10: 段婷玉 | D10: 430224200102063642 | E10: 15 | H10: =VLOOKUP(C10,Sheet5!A:E,5,0) -> 15 | L10: 段婷玉 | N10: 段婷玉 | O10: =VLOOKUP(L:L,N:N,1,0) -> 段婷玉
A11: 零一数科 | B11: 长沙 | C11: 范欣彦 | D11: 430121198902247947 | E11: 15 | H11: =VLOOKUP(C11,Sheet5!A:E,5,0) -> 15 | L11: 范欣彦 | N11: 范欣彦 | O11: =VLOOKUP(L:L,N:N,1,0) -> 范欣彦
A12: 零一数科 | B12: 长沙 | C12: 范欣怡 | D12: 43092120021118002X | E12: 15 | H12: =VLOOKUP(C12,Sheet5!A:E,5,0) -> 15 | L12: 范欣怡 | N12: 范欣怡 | O12: =VLOOKUP(L:L,N:N,1,0) -> 范欣怡
A13: 零一数科 | B13: 长沙 | C13: 方昊然 | D13: 430102200408075511 | E13: 15 | H13: =VLOOKUP(C13,Sheet5!A:E,5,0) -> 15 | L13: 方昊然 | N13: 方昊然 | O13: =VLOOKUP(L:L,N:N,1,0) -> 方昊然
... A49: 零一数科 | B49: 长沙 | C49: 邹海燕 | D49: 360121200210216420 | E49: 15 | H49: =VLOOKUP(C49,Sheet5!A:E,5,0) -> 15 | L49: 郑辉煌 | N49: 邹海燕 | O49: =VLOOKUP(L:L,N:N,1,0) -> 郑辉煌
L50: 周涛
L51: 邹海燕

Sheet Sheet5
A3: 求和项:应缴费额 | B3: 征收品目
A4: 姓名 | B4: 工伤保险 | C4: 失业保险(单位缴纳) | D4: 失业保险(个人缴纳) | E4: 职工大额医疗互助保险(个人缴纳) | F4: 职工基本养老保险(单位缴纳) | G4: 职工基本养老保险(个人缴纳) | H4: 职工基本医疗保险(单位缴纳) | I4: 职工基本医疗保险(个人缴纳) | J4: (空白) | K4: 总计
A5: 曾海燕 | B5: 38.77 | C5: 30.16 | D5: 12.92 | E5: 15 | F5: 689.28 | G5: 344.64 | H5: 374.8 | I5: 86.16 | K5: 1591.73
A6: 曾艳祥 | B6: 38.77 | C6: 30.16 | D6: 12.92 | E6: 15 | F6: 689.28 | G6: 344.64 | H6: 374.8 | I6: 86.16 | K6: 1591.73
A7: 陈立军 | B7: 38.77 | C7: 30.16 | D7: 12.92 | E7: 15 | F7: 689.28 | G7: 344.64 | H7: 374.8 | I7: 86.16 | K7: 1591.73
A8: 陈强 | B8: 38.77 | C8: 30.16 | D8: 12.92 | E8: 15 | F8: 689.28 | G8: 344.64 | H8: 374.8 | I8: 86.16 | K8: 1591.73
A9: 陈清钰 | B9: 38.77 | C9: 30.16 | D9: 12.92 | E9: 15 | F9: 689.28 | G9: 344.64 | H9: 374.8 | I9: 86.16 | K9: 1591.73
A10: 陈媛 | B10: 36.65 | C10: 28.5 | D10: 12.22 | E10: 15 | F10: 651.52 | G10: 325.76 | H10: 354.26 | I10: 81.44 | K10: 1505.35
A11: 程栾婷 | B11: 38.77 | C11: 30.16 | D11: 12.92 | E11: 15 | F11: 689.28 | G11: 344.64 | H11: 374.8 | I11: 86.16 | K11: 1591.73
A12: 杜丽 | B12: 38.77 | C12: 30.16 | D12: 12.92 | E12: 15 | F12: 689.28 | G12: 344.64 | H12: 374.8 | I12: 86.16 | K12: 1591.73
A13: 段婷玉 | B13: 38.77 | C13: 30.16 | D13: 12.92 | E13: 15 | F13: 689.28 | G13: 344.64 | H13: 374.8 | I13: 86.16 | K13: 1591.73
A14: 范欣彦 | B14: 38.77 | C14: 30.16 | D14: 12.92 | E14: 15 | F14: 689.28 | G14: 344.64 | H14: 374.8 | I14: 86.16 | K14: 1591.73
A15: 范欣怡 | B15: 36.65 | C15: 28.5 | D15: 12.22 | E15: 15 | F15: 651.52 | G15: 325.76 | H15: 354.26 | I15: 81.44 | K15: 1505.35
A16: 方昊然 | B16: 38.77 | C16: 30.16 | D16: 12.92 | E16: 15 | F16: 689.28 | G16: 344.64 | H16: 374.8 | I16: 86.16 | K16: 1591.73
... A29: 龙思蓉 | B29: 38.77 | C29: 30.16 | D29: 12.92 | E29: 15 | F29: 689.28 | G29: 344.64 | H29: 374.8 | I29: 86.16 | K29: 1591.73
A30: 罗文彬 | B30: 36.65 | C30: 28.5 | D30: 12.22 | F30: 651.52 | G30: 325.76 | K30: 1054.65
A31: 吕雅婷 | B31: 38.77 | C31: 30.16 | D31: 12.92 | E31: 15 | F31: 689.28 | G31: 344.64 | H31: 374.8 | I31: 86.16 | K31: 1591.73
A32: 马文静 | B32: 38.77 | C32: 30.16 | D32: 12.92 | E32: 15 | F32: 689.28 | G32: 344.64 | H32: 374.8 | I32: 86.16 | K32: 1591.73
A33: 彭沛君 | B33: 36.65 | C33: 28.5 | D33: 12.22 | E33: 15 | F33: 651.52 | G33: 325.76 | H33: 354.26 | I33: 81.44 | K33: 1505.35
A34: 彭霞 | B34: 36.65 | C34: 28.5 | D34: 12.22 | E34: 15 | F34: 651.52 | G34: 325.76 | H34: 354.26 | I34: 81.44 | K34: 1505.35
A35: 孙青雯 | B35: 38.77 | C35: 30.16 | D35: 12.92 | E35: 15 | F35: 689.28 | G35: 344.64 | H35: 374.8 | I35: 86.16 | K35: 1591.73
A36: 谭瑾皓 | B36: 38.77 | C36: 30.16 | D36: 12.92 | E36: 15 | F36: 689.28 | G36: 344.64 | H36: 374.8 | I36: 86.16 | K36: 1591.73
A37: 唐筱迪 | B37: 38.77 | C37: 30.16 | D37: 12.92 | E37: 15 | F37: 689.28 | G37: 344.64 | H37: 374.8 | I37: 86.16 | K37: 1591.73
A38: 汪维 | B38: 38.77 | C38: 30.16 | D38: 12.92 | E38: 15 | F38: 689.28 | G38: 344.64 | H38: 374.8 | I38: 86.16 | K38: 1591.73
A39: 王归雁 | B39: 38.77 | C39: 30.16 | D39: 12.92 | E39: 15 | F39: 689.28 | G39: 344.64 | H39: 374.8 | I39: 86.16 | K39: 1591.73
A40: 王梦寒 | B40: 38.77 | C40: 30.16 | D40: 12.92 | E40: 15 | F40: 689.28 | G40: 344.64 | H40: 374.8 | I40: 86.16 | K40: 1591.73
A41: 王晓玉 | B41: 38.77 | C41: 30.16 | D41: 12.92 | E41: 15 | F41: 689.28 | G41: 344.64 | H41: 374.8 | I41: 86.16 | K41: 1591.73
A42: 王艳琼 | B42: 38.77 | C42: 30.16 | D42: 12.92 | E42: 15 | F42: 689.28 | G42: 344.64 | H42: 374.8 | I42: 86.16 | K42: 1591.73
... A52: 郑辉煌 | B52: 38.77 | C52: 30.16 | D52: 12.92 | E52: 15 | F52: 689.28 | G52: 344.64 | H52: 374.8 | I52: 86.16 | K52: 1591.73
A53: 周涛 | B53: 36.65 | C53: 28.5 | D53: 12.22 | F53: 651.52 | G53: 325.76 | K53: 1054.65
A54: 邹海燕 | B54: 38.77 | C54: 30.16 | D54: 12.92 | E54: 15 | F54: 689.28 | G54: 344.64 | H54: 374.8 | I54: 86.16 | K54: 1591.73
A55: (空白)
A56: 总计 | B56: 1917.3 | C56: 1491.4 | D56: 639 | E56: 720 | F56: 34086.4 | G56: 17043.2 | H56: 17826.08 | I56: 4097.92 | K56: 77821.3
